match_id,inning,batting_team,bowling_team,over,ball,batsman,non_striker,bowler,is_super_over,wide_runs,bye_runs,legbye_runs,noball_runs,penalty_runs,batsman_runs,extra_runs,total_runs,player_dismissed,dismissal_kind,fielder
27,1,Kolkata Knight Riders,Royal Challengers Bangalore,1,1,SP Narine,G Gambhir,S Badree,0,0,0,0,0,0,0,0,0,,,
27,1,Kolkata Knight Riders,Royal Challengers Bangalore,1,2,SP Narine,G Gambhir,S Badree,0,0,0,0,0,0,4,0,4,,,
27,1,Kolkata Knight Riders,Royal Challengers Bangalore,1,3,SP Narine,G Gambhir,S Badree,0,0,0,0,0,0,4,0,4,,,
27,1,Kolkata Knight Riders,Royal Challengers Bangalore,1,4,SP Narine,G Gambhir,S Badree,0,0,0,0,0,0,4,0,4,,,
27,1,Kolkata Knight Riders,Royal Challengers Bangalore,1,5,SP Narine,G Gambhir,S Badree,0,0,0,0,0,0,6,0,6,,,
27,1,Kolkata Knight Riders,Royal Challengers Bangalore,1,6,SP Narine,G Gambhir,S Badree,0,0,0,0,0,0,0,0,0,,,
27,1,Kolkata Knight Riders,Royal Challengers Bangalore,2,1,G Gambhir,SP Narine,TS Mills,0,0,0,0,0,0,0,0,0,,,
27,1,Kolkata Knight Riders,Royal Challengers Bangalore,2,2,G Gambhir,SP Narine,TS Mills,0,0,0,0,0,0,0,0,0,,,
27,1,Kolkata Knight Riders,Royal Challengers Bangalore,2,3,G Gambhir,SP Narine,TS Mills,0,1,0,0,0,0,0,1,1,,,
27,1,Kolkata Knight Riders,Royal Challengers Bangalore,2,4,G Gambhir,SP Narine,TS Mills,0,0,0,0,0,0,0,0,0,,,
27,1,Kolkata Knight Riders,Royal Challengers Bangalore,2,5,G Gambhir,SP Narine,TS Mills,0,0,0,0,0,0,0,0,0,,,
27,1,Kolkata Knight Riders,Royal Challengers Bangalore,2,6,G Gambhir,SP Narine,TS Mills,0,0,0,0,0,0,6,0,6,,,
27,1,Kolkata Knight Riders,Royal Challengers Bangalore,2,7,G Gambhir,SP Narine,TS Mills,0,0,0,0,0,0,0,0,0,,,
27,1,Kolkata Knight Riders,Royal Challengers Bangalore,3,1,SP Narine,G Gambhir,S Aravind,0,0,0,0,0,0,0,0,0,,,
27,1,Kolkata Knight Riders,Royal Challengers Bangalore,3,2,SP Narine,G Gambhir,S Aravind,0,0,0,0,0,0,1,0,1,,,
27,1,Kolkata Knight Riders,Royal Challengers Bangalore,3,3,G Gambhir,SP Narine,S Aravind,0,0,0,0,0,0,4,0,4,,,
27,1,Kolkata Knight Riders,Royal Challengers Bangalore,3,4,G Gambhir,SP Narine,S Aravind,0,0,0,0,0,0,1,0,1,,,
27,1,Kolkata Knight Riders,Royal Challengers Bangalore,3,5,SP Narine,G Gambhir,S Aravind,0,0,0,0,0,0,4,0,4,,,
27,1,Kolkata Knight Riders,Royal Challengers Bangalore,3,6,SP Narine,G Gambhir,S Aravind,0,0,0,0,0,0,4,0,4,,,
27,1,Kolkata Knight Riders,Royal Challengers Bangalore,4,1,G Gambhir,SP Narine,TS Mills,0,0,0,0,0,0,2,0,2,,,
27,1,Kolkata Knight Riders,Royal Challengers Bangalore,4,2,G Gambhir,SP Narine,TS Mills,0,0,0,0,0,0,1,0,1,,,
27,1,Kolkata Knight Riders,Royal Challengers Bangalore,4,3,SP Narine,G Gambhir,TS Mills,0,5,0,0,0,0,0,5,5,,,
27,1,Kolkata Knight Riders,Royal Challengers Bangalore,4,4,SP Narine,G Gambhir,TS Mills,0,0,0,0,0,0,1,0,1,,,
27,1,Kolkata Knight Riders,Royal Challengers Bangalore,4,5,G Gambhir,SP Narine,TS Mills,0,0,0,0,0,0,0,0,0,G Gambhir,caught,KM Jadhav
27,1,Kolkata Knight Riders,Royal Challengers Bangalore,4,6,RV Uthappa,SP Narine,TS Mills,0,0,0,0,0,0,4,0,4,,,
27,1,Kolkata Knight Riders,Royal Challengers Bangalore,4,7,RV Uthappa,SP Narine,TS Mills,0,0,0,0,0,0,0,0,0,,,
27,1,Kolkata Knight Riders,Royal Challengers Bangalore,5,1,SP Narine,RV Uthappa,S Aravind,0,0,0,0,0,0,0,0,0,,,
27,1,Kolkata Knight Riders,Royal Challengers Bangalore,5,2,SP Narine,RV Uthappa,S Aravind,0,0,0,0,0,0,1,0,1,,,
27,1,Kolkata Knight Riders,Royal Challengers Bangalore,5,3,RV Uthappa,SP Narine,S Aravind,0,0,0,0,0,0,1,0,1,,,
27,1,Kolkata Knight Riders,Royal Challengers Bangalore,5,4,SP Narine,RV Uthappa,S Aravind,0,0,0,0,0,0,1,0,1,,,
27,1,Kolkata Knight Riders,Royal Challengers Bangalore,5,5,RV Uthappa,SP Narine,S Aravind,0,0,0,0,0,0,1,0,1,,,
27,1,Kolkata Knight Riders,Royal Challengers Bangalore,5,6,SP Narine,RV Uthappa,S Aravind,0,0,0,0,0,0,0,0,0,,,
27,1,Kolkata Knight Riders,Royal Challengers Bangalore,6,1,RV Uthappa,SP Narine,STR Binny,0,0,0,0,0,0,4,0,4,,,
27,1,Kolkata Knight Riders,Royal Challengers Bangalore,6,2,RV Uthappa,SP Narine,STR Binny,0,0,0,0,0,0,1,0,1,,,
27,1,Kolkata Knight Riders,Royal Challengers Bangalore,6,3,SP Narine,RV Uthappa,STR Binny,0,0,0,0,0,0,4,0,4,,,
27,1,Kolkata Knight Riders,Royal Challengers Bangalore,6,4,SP Narine,RV Uthappa,STR Binny,0,0,0,0,0,0,0,0,0,SP Narine,caught,YS Chahal
27,1,Kolkata Knight Riders,Royal Challengers Bangalore,6,5,RV Uthappa,MK Pandey,STR Binny,0,0,0,0,0,0,0,0,0,,,
27,1,Kolkata Knight Riders,Royal Challengers Bangalore,6,6,RV Uthappa,MK Pandey,STR Binny,0,0,0,0,0,0,0,0,0,,,
27,1,Kolkata Knight Riders,Royal Challengers Bangalore,7,1,MK Pandey,RV Uthappa,S Badree,0,0,0,0,0,0,1,0,1,,,
27,1,Kolkata Knight Riders,Royal Challengers Bangalore,7,2,RV Uthappa,MK Pandey,S Badree,0,0,0,0,0,0,0,0,0,RV Uthappa,lbw,
27,1,Kolkata Knight Riders,Royal Challengers Bangalore,7,3,YK Pathan,MK Pandey,S Badree,0,0,0,0,0,0,1,0,1,,,
27,1,Kolkata Knight Riders,Royal Challengers Bangalore,7,4,MK Pandey,YK Pathan,S Badree,0,0,0,0,0,0,0,0,0,,,
27,1,Kolkata Knight Riders,Royal Challengers Bangalore,7,5,MK Pandey,YK Pathan,S Badree,0,0,0,0,0,0,1,0,1,,,
27,1,Kolkata Knight Riders,Royal Challengers Bangalore,7,6,YK Pathan,MK Pandey,S Badree,0,0,0,0,0,0,0,0,0,,,
27,1,Kolkata Knight Riders,Royal Challengers Bangalore,8,1,MK Pandey,YK Pathan,YS Chahal,0,0,0,0,0,0,1,0,1,,,
27,1,Kolkata Knight Riders,Royal Challengers Bangalore,8,2,YK Pathan,MK Pandey,YS Chahal,0,0,0,0,0,0,0,0,0,,,
27,1,Kolkata Knight Riders,Royal Challengers Bangalore,8,3,YK Pathan,MK Pandey,YS Chahal,0,0,0,0,0,0,1,0,1,,,
27,1,Kolkata Knight Riders,Royal Challengers Bangalore,8,4,MK Pandey,YK Pathan,YS Chahal,0,0,0,0,0,0,1,0,1,,,
27,1,Kolkata Knight Riders,Royal Challengers Bangalore,8,5,YK Pathan,MK Pandey,YS Chahal,0,0,0,0,0,0,1,0,1,,,
27,1,Kolkata Knight Riders,Royal Challengers Bangalore,8,6,MK Pandey,YK Pathan,YS Chahal,0,0,0,0,0,0,1,0,1,,,
27,1,Kolkata Knight Riders,Royal Challengers Bangalore,9,1,MK Pandey,YK Pathan,S Badree,0,0,0,0,0,0,1,0,1,,,
27,1,Kolkata Knight Riders,Royal Challengers Bangalore,9,2,YK Pathan,MK Pandey,S Badree,0,0,0,0,0,0,2,0,2,,,
27,1,Kolkata Knight Riders,Royal Challengers Bangalore,9,3,YK Pathan,MK Pandey,S Badree,0,0,0,0,0,0,1,0,1,,,
27,1,Kolkata Knight Riders,Royal Challengers Bangalore,9,4,MK Pandey,YK Pathan,S Badree,0,0,0,0,0,0,0,0,0,,,
27,1,Kolkata Knight Riders,Royal Challengers Bangalore,9,5,MK Pandey,YK Pathan,S Badree,0,0,0,0,0,0,0,0,0,,,
27,1,Kolkata Knight Riders,Royal Challengers Bangalore,9,6,MK Pandey,YK Pathan,S Badree,0,0,0,0,0,0,2,0,2,,,
27,1,Kolkata Knight Riders,Royal Challengers Bangalore,10,1,YK Pathan,MK Pandey,YS Chahal,0,0,0,0,0,0,2,0,2,,,
27,1,Kolkata Knight Riders,Royal Challengers Bangalore,10,2,YK Pathan,MK Pandey,YS Chahal,0,1,0,0,0,0,0,1,1,YK Pathan,stumped,KM Jadhav
27,1,Kolkata Knight Riders,Royal Challengers Bangalore,10,3,SA Yadav,MK Pandey,YS Chahal,0,0,0,0,0,0,1,0,1,,,
27,1,Kolkata Knight Riders,Royal Challengers Bangalore,10,4,MK Pandey,SA Yadav,YS Chahal,0,0,0,0,0,0,1,0,1,,,
27,1,Kolkata Knight Riders,Royal Challengers Bangalore,10,5,SA Yadav,MK Pandey,YS Chahal,0,0,0,0,0,0,1,0,1,,,
27,1,Kolkata Knight Riders,Royal Challengers Bangalore,10,6,MK Pandey,SA Yadav,YS Chahal,0,0,0,0,0,0,1,0,1,,,
27,1,Kolkata Knight Riders,Royal Challengers Bangalore,10,7,SA Yadav,MK Pandey,YS Chahal,0,0,0,0,0,0,1,0,1,,,
27,1,Kolkata Knight Riders,Royal Challengers Bangalore,11,1,SA Yadav,MK Pandey,S Badree,0,0,0,0,0,0,0,0,0,,,
27,1,Kolkata Knight Riders,Royal Challengers Bangalore,11,2,SA Yadav,MK Pandey,S Badree,0,0,0,0,0,0,0,0,0,,,
27,1,Kolkata Knight Riders,Royal Challengers Bangalore,11,3,SA Yadav,MK Pandey,S Badree,0,0,0,0,0,0,1,0,1,,,
27,1,Kolkata Knight Riders,Royal Challengers Bangalore,11,4,MK Pandey,SA Yadav,S Badree,0,0,0,0,0,0,0,0,0,,,
27,1,Kolkata Knight Riders,Royal Challengers Bangalore,11,5,MK Pandey,SA Yadav,S Badree,0,0,0,0,0,0,4,0,4,,,
27,1,Kolkata Knight Riders,Royal Challengers Bangalore,11,6,MK Pandey,SA Yadav,S Badree,0,0,0,0,0,0,1,0,1,,,
27,1,Kolkata Knight Riders,Royal Challengers Bangalore,12,1,MK Pandey,SA Yadav,YS Chahal,0,0,0,0,0,0,0,0,0,MK Pandey,caught,S Badree
27,1,Kolkata Knight Riders,Royal Challengers Bangalore,12,2,C de Grandhomme,SA Yadav,YS Chahal,0,0,0,0,0,0,0,0,0,,,
27,1,Kolkata Knight Riders,Royal Challengers Bangalore,12,3,C de Grandhomme,SA Yadav,YS Chahal,0,0,0,0,0,0,0,0,0,C de Grandhomme,caught,V Kohli
27,1,Kolkata Knight Riders,Royal Challengers Bangalore,12,4,CR Woakes,SA Yadav,YS Chahal,0,0,0,0,0,0,0,0,0,,,
27,1,Kolkata Knight Riders,Royal Challengers Bangalore,12,5,CR Woakes,SA Yadav,YS Chahal,0,0,0,0,0,0,0,0,0,,,
27,1,Kolkata Knight Riders,Royal Challengers Bangalore,12,6,CR Woakes,SA Yadav,YS Chahal,0,0,0,0,0,0,1,0,1,,,
27,1,Kolkata Knight Riders,Royal Challengers Bangalore,13,1,CR Woakes,SA Yadav,P Negi,0,0,0,0,0,0,0,0,0,,,
27,1,Kolkata Knight Riders,Royal Challengers Bangalore,13,2,CR Woakes,SA Yadav,P Negi,0,0,0,0,0,0,0,0,0,,,
27,1,Kolkata Knight Riders,Royal Challengers Bangalore,13,3,CR Woakes,SA Yadav,P Negi,0,0,0,0,0,0,0,0,0,,,
27,1,Kolkata Knight Riders,Royal Challengers Bangalore,13,4,CR Woakes,SA Yadav,P Negi,0,0,0,0,0,0,0,0,0,,,
27,1,Kolkata Knight Riders,Royal Challengers Bangalore,13,5,CR Woakes,SA Yadav,P Negi,0,0,0,0,0,0,4,0,4,,,
27,1,Kolkata Knight Riders,Royal Challengers Bangalore,13,6,CR Woakes,SA Yadav,P Negi,0,0,0,0,0,0,0,0,0,,,
27,1,Kolkata Knight Riders,Royal Challengers Bangalore,14,1,SA Yadav,CR Woakes,YS Chahal,0,0,0,0,0,0,0,0,0,,,
27,1,Kolkata Knight Riders,Royal Challengers Bangalore,14,2,SA Yadav,CR Woakes,YS Chahal,0,0,0,0,0,0,1,0,1,,,
27,1,Kolkata Knight Riders,Royal Challengers Bangalore,14,3,CR Woakes,SA Yadav,YS Chahal,0,0,0,0,0,0,0,0,0,,,
27,1,Kolkata Knight Riders,Royal Challengers Bangalore,14,4,CR Woakes,SA Yadav,YS Chahal,0,0,0,0,0,0,1,0,1,,,
27,1,Kolkata Knight Riders,Royal Challengers Bangalore,14,5,SA Yadav,CR Woakes,YS Chahal,0,0,0,0,0,0,0,0,0,,,
27,1,Kolkata Knight Riders,Royal Challengers Bangalore,14,6,SA Yadav,CR Woakes,YS Chahal,0,0,0,0,0,0,0,0,0,,,
27,1,Kolkata Knight Riders,Royal Challengers Bangalore,15,1,CR Woakes,SA Yadav,P Negi,0,0,0,0,0,0,4,0,4,,,
27,1,Kolkata Knight Riders,Royal Challengers Bangalore,15,2,CR Woakes,SA Yadav,P Negi,0,0,0,0,0,0,1,0,1,,,
27,1,Kolkata Knight Riders,Royal Challengers Bangalore,15,3,SA Yadav,CR Woakes,P Negi,0,0,0,0,0,0,1,0,1,,,
27,1,Kolkata Knight Riders,Royal Challengers Bangalore,15,4,CR Woakes,SA Yadav,P Negi,0,0,0,0,0,0,0,0,0,,,
27,1,Kolkata Knight Riders,Royal Challengers Bangalore,15,5,CR Woakes,SA Yadav,P Negi,0,0,0,0,0,0,0,0,0,,,
27,1,Kolkata Knight Riders,Royal Challengers Bangalore,15,6,CR Woakes,SA Yadav,P Negi,0,0,0,0,0,0,1,0,1,,,
27,1,Kolkata Knight Riders,Royal Challengers Bangalore,16,1,CR Woakes,SA Yadav,S Aravind,0,0,0,0,0,0,1,0,1,,,
27,1,Kolkata Knight Riders,Royal Challengers Bangalore,16,2,SA Yadav,CR Woakes,S Aravind,0,0,0,0,0,0,4,0,4,,,
27,1,Kolkata Knight Riders,Royal Challengers Bangalore,16,3,SA Yadav,CR Woakes,S Aravind,0,0,0,0,0,0,1,0,1,,,
27,1,Kolkata Knight Riders,Royal Challengers Bangalore,16,4,CR Woakes,SA Yadav,S Aravind,0,0,0,0,0,0,1,0,1,,,
27,1,Kolkata Knight Riders,Royal Challengers Bangalore,16,5,SA Yadav,CR Woakes,S Aravind,0,0,0,0,0,0,0,0,0,,,
27,1,Kolkata Knight Riders,Royal Challengers Bangalore,16,6,SA Yadav,CR Woakes,S Aravind,0,0,0,0,0,0,2,0,2,,,
27,1,Kolkata Knight Riders,Royal Challengers Bangalore,17,1,CR Woakes,SA Yadav,TS Mills,0,0,0,0,0,0,4,0,4,,,
27,1,Kolkata Knight Riders,Royal Challengers Bangalore,17,2,CR Woakes,SA Yadav,TS Mills,0,0,0,0,0,0,0,0,0,,,
27,1,Kolkata Knight Riders,Royal Challengers Bangalore,17,3,CR Woakes,SA Yadav,TS Mills,0,0,0,0,0,0,0,0,0,CR Woakes,caught,Mandeep Singh
27,1,Kolkata Knight Riders,Royal Challengers Bangalore,17,4,SA Yadav,NM Coulter-Nile,TS Mills,0,0,0,0,0,0,0,0,0,,,
27,1,Kolkata Knight Riders,Royal Challengers Bangalore,17,5,SA Yadav,NM Coulter-Nile,TS Mills,0,0,0,0,0,0,1,0,1,,,
27,1,Kolkata Knight Riders,Royal Challengers Bangalore,17,6,NM Coulter-Nile,SA Yadav,TS Mills,0,0,0,0,0,0,1,0,1,,,
27,1,Kolkata Knight Riders,Royal Challengers Bangalore,18,1,NM Coulter-Nile,SA Yadav,P Negi,0,0,0,0,0,0,1,0,1,,,
27,1,Kolkata Knight Riders,Royal Challengers Bangalore,18,2,SA Yadav,NM Coulter-Nile,P Negi,0,0,0,0,0,0,1,0,1,,,
27,1,Kolkata Knight Riders,Royal Challengers Bangalore,18,3,NM Coulter-Nile,SA Yadav,P Negi,0,1,0,0,0,0,0,1,1,,,
27,1,Kolkata Knight Riders,Royal Challengers Bangalore,18,4,NM Coulter-Nile,SA Yadav,P Negi,0,0,0,0,0,0,0,0,0,NM Coulter-Nile,caught,AB de Villiers
27,1,Kolkata Knight Riders,Royal Challengers Bangalore,18,5,SA Yadav,UT Yadav,P Negi,0,0,0,0,0,0,0,0,0,SA Yadav,caught,TS Mills
27,1,Kolkata Knight Riders,Royal Challengers Bangalore,18,6,Kuldeep Yadav,UT Yadav,P Negi,0,0,0,0,0,0,0,0,0,,,
27,1,Kolkata Knight Riders,Royal Challengers Bangalore,18,7,Kuldeep Yadav,UT Yadav,P Negi,0,0,0,0,0,0,1,0,1,,,
27,1,Kolkata Knight Riders,Royal Challengers Bangalore,19,1,Kuldeep Yadav,UT Yadav,TS Mills,0,0,0,0,0,0,2,0,2,,,
27,1,Kolkata Knight Riders,Royal Challengers Bangalore,19,2,Kuldeep Yadav,UT Yadav,TS Mills,0,0,0,0,0,0,1,0,1,,,
27,1,Kolkata Knight Riders,Royal Challengers Bangalore,19,3,UT Yadav,Kuldeep Yadav,TS Mills,0,0,0,0,0,0,0,0,0,,,
27,1,Kolkata Knight Riders,Royal Challengers Bangalore,19,4,UT Yadav,Kuldeep Yadav,TS Mills,0,0,0,0,0,0,2,0,2,,,
27,1,Kolkata Knight Riders,Royal Challengers Bangalore,19,5,UT Yadav,Kuldeep Yadav,TS Mills,0,0,0,0,0,0,0,0,0,,,
27,1,Kolkata Knight Riders,Royal Challengers Bangalore,19,6,UT Yadav,Kuldeep Yadav,TS Mills,0,0,0,0,0,0,0,0,0,,,
27,1,Kolkata Knight Riders,Royal Challengers Bangalore,20,1,Kuldeep Yadav,UT Yadav,S Aravind,0,0,0,0,0,0,0,0,0,,,
27,1,Kolkata Knight Riders,Royal Challengers Bangalore,20,2,Kuldeep Yadav,UT Yadav,S Aravind,0,0,0,0,0,0,0,0,0,,,
27,1,Kolkata Knight Riders,Royal Challengers Bangalore,20,3,Kuldeep Yadav,UT Yadav,S Aravind,0,0,0,0,0,0,0,0,0,Kuldeep Yadav,bowled,
27,2,Royal Challengers Bangalore,Kolkata Knight Riders,1,1,CH Gayle,V Kohli,NM Coulter-Nile,0,0,0,0,1,0,0,1,1,,,
27,2,Royal Challengers Bangalore,Kolkata Knight Riders,1,2,CH Gayle,V Kohli,NM Coulter-Nile,0,0,0,0,0,0,0,0,0,,,
27,2,Royal Challengers Bangalore,Kolkata Knight Riders,1,3,CH Gayle,V Kohli,NM Coulter-Nile,0,0,0,1,0,0,0,1,1,,,
27,2,Royal Challengers Bangalore,Kolkata Knight Riders,1,4,V Kohli,CH Gayle,NM Coulter-Nile,0,0,0,0,0,0,0,0,0,V Kohli,caught,MK Pandey
27,2,Royal Challengers Bangalore,Kolkata Knight Riders,1,5,Mandeep Singh,CH Gayle,NM Coulter-Nile,0,0,0,0,0,0,1,0,1,,,
27,2,Royal Challengers Bangalore,Kolkata Knight Riders,1,6,CH Gayle,Mandeep Singh,NM Coulter-Nile,0,0,0,0,0,0,0,0,0,,,
27,2,Royal Challengers Bangalore,Kolkata Knight Riders,1,7,CH Gayle,Mandeep Singh,NM Coulter-Nile,0,0,0,0,0,0,0,0,0,,,
27,2,Royal Challengers Bangalore,Kolkata Knight Riders,2,1,Mandeep Singh,CH Gayle,UT Yadav,0,0,0,0,0,0,0,0,0,,,
27,2,Royal Challengers Bangalore,Kolkata Knight Riders,2,2,Mandeep Singh,CH Gayle,UT Yadav,0,0,0,0,0,0,0,0,0,Mandeep Singh,caught,MK Pandey
27,2,Royal Challengers Bangalore,Kolkata Knight Riders,2,3,AB de Villiers,CH Gayle,UT Yadav,0,0,0,0,0,0,0,0,0,,,
27,2,Royal Challengers Bangalore,Kolkata Knight Riders,2,4,AB de Villiers,CH Gayle,UT Yadav,0,0,0,0,0,0,4,0,4,,,
27,2,Royal Challengers Bangalore,Kolkata Knight Riders,2,5,AB de Villiers,CH Gayle,UT Yadav,0,0,0,0,0,0,0,0,0,,,
27,2,Royal Challengers Bangalore,Kolkata Knight Riders,2,6,AB de Villiers,CH Gayle,UT Yadav,0,0,0,0,0,0,0,0,0,,,
27,2,Royal Challengers Bangalore,Kolkata Knight Riders,3,1,CH Gayle,AB de Villiers,NM Coulter-Nile,0,0,0,0,0,0,1,0,1,,,
27,2,Royal Challengers Bangalore,Kolkata Knight Riders,3,2,AB de Villiers,CH Gayle,NM Coulter-Nile,0,0,0,0,0,0,4,0,4,,,
27,2,Royal Challengers Bangalore,Kolkata Knight Riders,3,3,AB de Villiers,CH Gayle,NM Coulter-Nile,0,0,0,0,0,0,0,0,0,AB de Villiers,caught,RV Uthappa
27,2,Royal Challengers Bangalore,Kolkata Knight Riders,3,4,KM Jadhav,CH Gayle,NM Coulter-Nile,0,0,0,0,1,0,0,1,1,,,
27,2,Royal Challengers Bangalore,Kolkata Knight Riders,3,5,KM Jadhav,CH Gayle,NM Coulter-Nile,0,1,0,0,0,0,0,1,1,,,
27,2,Royal Challengers Bangalore,Kolkata Knight Riders,3,6,KM Jadhav,CH Gayle,NM Coulter-Nile,0,0,0,0,0,0,4,0,4,,,
27,2,Royal Challengers Bangalore,Kolkata Knight Riders,3,7,KM Jadhav,CH Gayle,NM Coulter-Nile,0,0,0,0,0,0,0,0,0,,,
27,2,Royal Challengers Bangalore,Kolkata Knight Riders,3,8,KM Jadhav,CH Gayle,NM Coulter-Nile,0,0,0,0,0,0,4,0,4,,,
27,2,Royal Challengers Bangalore,Kolkata Knight Riders,4,1,CH Gayle,KM Jadhav,UT Yadav,0,0,0,0,0,0,0,0,0,,,
27,2,Royal Challengers Bangalore,Kolkata Knight Riders,4,2,CH Gayle,KM Jadhav,UT Yadav,0,0,0,0,0,0,1,0,1,,,
27,2,Royal Challengers Bangalore,Kolkata Knight Riders,4,3,KM Jadhav,CH Gayle,UT Yadav,0,0,0,0,0,0,0,0,0,,,
27,2,Royal Challengers Bangalore,Kolkata Knight Riders,4,4,KM Jadhav,CH Gayle,UT Yadav,0,0,0,0,0,0,1,0,1,,,
27,2,Royal Challengers Bangalore,Kolkata Knight Riders,4,5,CH Gayle,KM Jadhav,UT Yadav,0,0,0,0,0,0,0,0,0,,,
27,2,Royal Challengers Bangalore,Kolkata Knight Riders,4,6,CH Gayle,KM Jadhav,UT Yadav,0,0,0,0,0,0,0,0,0,,,
27,2,Royal Challengers Bangalore,Kolkata Knight Riders,5,1,KM Jadhav,CH Gayle,NM Coulter-Nile,0,0,0,0,0,0,0,0,0,KM Jadhav,caught,CR Woakes
27,2,Royal Challengers Bangalore,Kolkata Knight Riders,5,2,STR Binny,CH Gayle,NM Coulter-Nile,0,0,0,0,0,0,0,0,0,,,
27,2,Royal Challengers Bangalore,Kolkata Knight Riders,5,3,STR Binny,CH Gayle,NM Coulter-Nile,0,0,0,0,0,0,0,0,0,,,
27,2,Royal Challengers Bangalore,Kolkata Knight Riders,5,4,STR Binny,CH Gayle,NM Coulter-Nile,0,0,0,0,0,0,0,0,0,,,
27,2,Royal Challengers Bangalore,Kolkata Knight Riders,5,5,STR Binny,CH Gayle,NM Coulter-Nile,0,0,0,0,0,0,0,0,0,,,
27,2,Royal Challengers Bangalore,Kolkata Knight Riders,5,6,STR Binny,CH Gayle,NM Coulter-Nile,0,0,0,0,0,0,4,0,4,,,
27,2,Royal Challengers Bangalore,Kolkata Knight Riders,6,1,CH Gayle,STR Binny,UT Yadav,0,0,0,0,0,0,0,0,0,,,
27,2,Royal Challengers Bangalore,Kolkata Knight Riders,6,2,CH Gayle,STR Binny,UT Yadav,0,0,0,0,0,0,0,0,0,,,
27,2,Royal Challengers Bangalore,Kolkata Knight Riders,6,3,CH Gayle,STR Binny,UT Yadav,0,0,0,0,0,0,4,0,4,,,
27,2,Royal Challengers Bangalore,Kolkata Knight Riders,6,4,CH Gayle,STR Binny,UT Yadav,0,0,0,2,0,0,0,2,2,,,
27,2,Royal Challengers Bangalore,Kolkata Knight Riders,6,5,CH Gayle,STR Binny,UT Yadav,0,0,0,0,0,0,1,0,1,,,
27,2,Royal Challengers Bangalore,Kolkata Knight Riders,6,6,STR Binny,CH Gayle,UT Yadav,0,0,0,0,0,0,4,0,4,,,
27,2,Royal Challengers Bangalore,Kolkata Knight Riders,7,1,CH Gayle,STR Binny,CR Woakes,0,0,0,0,0,0,0,0,0,,,
27,2,Royal Challengers Bangalore,Kolkata Knight Riders,7,2,CH Gayle,STR Binny,CR Woakes,0,1,0,0,0,0,0,1,1,,,
27,2,Royal Challengers Bangalore,Kolkata Knight Riders,7,3,CH Gayle,STR Binny,CR Woakes,0,0,0,0,0,0,0,0,0,CH Gayle,caught,NM Coulter-Nile
27,2,Royal Challengers Bangalore,Kolkata Knight Riders,7,4,STR Binny,P Negi,CR Woakes,0,0,0,0,0,0,0,0,0,,,
27,2,Royal Challengers Bangalore,Kolkata Knight Riders,7,5,STR Binny,P Negi,CR Woakes,0,0,0,0,0,0,0,0,0,,,
27,2,Royal Challengers Bangalore,Kolkata Knight Riders,7,6,STR Binny,P Negi,CR Woakes,0,0,0,0,0,0,0,0,0,STR Binny,caught,RV Uthappa
27,2,Royal Challengers Bangalore,Kolkata Knight Riders,7,7,S Badree,P Negi,CR Woakes,0,0,0,0,0,0,0,0,0,,,
27,2,Royal Challengers Bangalore,Kolkata Knight Riders,8,1,P Negi,S Badree,C de Grandhomme,0,0,0,0,0,0,2,0,2,,,
27,2,Royal Challengers Bangalore,Kolkata Knight Riders,8,2,P Negi,S Badree,C de Grandhomme,0,0,0,0,0,0,0,0,0,,,
27,2,Royal Challengers Bangalore,Kolkata Knight Riders,8,3,P Negi,S Badree,C de Grandhomme,0,0,0,0,0,0,0,0,0,P Negi,lbw,
27,2,Royal Challengers Bangalore,Kolkata Knight Riders,8,4,TS Mills,S Badree,C de Grandhomme,0,0,0,0,0,0,0,0,0,,,
27,2,Royal Challengers Bangalore,Kolkata Knight Riders,8,5,TS Mills,S Badree,C de Grandhomme,0,0,0,0,0,0,0,0,0,,,
27,2,Royal Challengers Bangalore,Kolkata Knight Riders,8,6,TS Mills,S Badree,C de Grandhomme,0,0,0,0,0,0,1,0,1,,,
27,2,Royal Challengers Bangalore,Kolkata Knight Riders,9,1,TS Mills,S Badree,CR Woakes,0,0,0,0,0,0,1,0,1,,,
27,2,Royal Challengers Bangalore,Kolkata Knight Riders,9,2,S Badree,TS Mills,CR Woakes,0,0,0,0,0,0,0,0,0,,,
27,2,Royal Challengers Bangalore,Kolkata Knight Riders,9,3,S Badree,TS Mills,CR Woakes,0,0,0,0,0,0,0,0,0,S Badree,lbw,
27,2,Royal Challengers Bangalore,Kolkata Knight Riders,9,4,S Aravind,TS Mills,CR Woakes,0,0,0,0,0,0,0,0,0,,,
27,2,Royal Challengers Bangalore,Kolkata Knight Riders,9,5,S Aravind,TS Mills,CR Woakes,0,0,0,0,0,0,4,0,4,,,
27,2,Royal Challengers Bangalore,Kolkata Knight Riders,9,6,S Aravind,TS Mills,CR Woakes,0,0,0,0,0,0,0,0,0,,,
27,2,Royal Challengers Bangalore,Kolkata Knight Riders,10,1,TS Mills,S Aravind,C de Grandhomme,0,0,0,0,0,0,0,0,0,TS Mills,caught,Kuldeep Yadav
27,2,Royal Challengers Bangalore,Kolkata Knight Riders,10,2,S Aravind,YS Chahal,C de Grandhomme,0,0,0,0,0,0,1,0,1,,,
27,2,Royal Challengers Bangalore,Kolkata Knight Riders,10,3,YS Chahal,S Aravind,C de Grandhomme,0,0,0,0,0,0,0,0,0,,,
27,2,Royal Challengers Bangalore,Kolkata Knight Riders,10,4,YS Chahal,S Aravind,C de Grandhomme,0,0,0,0,0,0,0,0,0,YS Chahal,caught,MK Pandey
45,1,Royal Challengers Bangalore,Kolkata Knight Riders,1,1,CH Gayle,Mandeep Singh,UT Yadav,0,0,0,0,0,0,0,0,0,CH Gayle,caught,G Gambhir
45,1,Royal Challengers Bangalore,Kolkata Knight Riders,1,2,V Kohli,Mandeep Singh,UT Yadav,0,0,0,0,0,0,0,0,0,,,
45,1,Royal Challengers Bangalore,Kolkata Knight Riders,1,3,V Kohli,Mandeep Singh,UT Yadav,0,0,0,0,0,0,0,0,0,,,
45,1,Royal Challengers Bangalore,Kolkata Knight Riders,1,4,V Kohli,Mandeep Singh,UT Yadav,0,0,0,0,0,0,0,0,0,,,
45,1,Royal Challengers Bangalore,Kolkata Knight Riders,1,5,V Kohli,Mandeep Singh,UT Yadav,0,0,0,0,0,0,0,0,0,,,
45,1,Royal Challengers Bangalore,Kolkata Knight Riders,1,6,V Kohli,Mandeep Singh,UT Yadav,0,0,0,0,0,0,1,0,1,,,
45,1,Royal Challengers Bangalore,Kolkata Knight Riders,2,1,V Kohli,Mandeep Singh,CR Woakes,0,0,0,0,0,0,1,0,1,,,
45,1,Royal Challengers Bangalore,Kolkata Knight Riders,2,2,Mandeep Singh,V Kohli,CR Woakes,0,0,0,0,0,0,0,0,0,,,
45,1,Royal Challengers Bangalore,Kolkata Knight Riders,2,3,Mandeep Singh,V Kohli,CR Woakes,0,0,0,0,0,0,0,0,0,,,
45,1,Royal Challengers Bangalore,Kolkata Knight Riders,2,4,Mandeep Singh,V Kohli,CR Woakes,0,0,0,0,0,0,0,0,0,,,
45,1,Royal Challengers Bangalore,Kolkata Knight Riders,2,5,Mandeep Singh,V Kohli,CR Woakes,0,0,0,0,0,0,4,0,4,,,
45,1,Royal Challengers Bangalore,Kolkata Knight Riders,2,6,Mandeep Singh,V Kohli,CR Woakes,0,0,0,0,0,0,6,0,6,,,
45,1,Royal Challengers Bangalore,Kolkata Knight Riders,3,1,V Kohli,Mandeep Singh,UT Yadav,0,0,0,0,0,0,1,0,1,,,
45,1,Royal Challengers Bangalore,Kolkata Knight Riders,3,2,Mandeep Singh,V Kohli,UT Yadav,0,0,0,0,0,0,4,0,4,,,
45,1,Royal Challengers Bangalore,Kolkata Knight Riders,3,3,Mandeep Singh,V Kohli,UT Yadav,0,0,0,0,0,0,1,0,1,,,
45,1,Royal Challengers Bangalore,Kolkata Knight Riders,3,4,V Kohli,Mandeep Singh,UT Yadav,0,0,0,0,0,0,2,0,2,,,
45,1,Royal Challengers Bangalore,Kolkata Knight Riders,3,5,V Kohli,Mandeep Singh,UT Yadav,0,0,0,0,0,0,0,0,0,V Kohli,lbw,
45,1,Royal Challengers Bangalore,Kolkata Knight Riders,3,6,AB de Villiers,Mandeep Singh,UT Yadav,0,0,0,0,0,0,0,0,0,,,
45,1,Royal Challengers Bangalore,Kolkata Knight Riders,4,1,Mandeep Singh,AB de Villiers,CR Woakes,0,0,0,0,0,0,2,0,2,,,
45,1,Royal Challengers Bangalore,Kolkata Knight Riders,4,2,Mandeep Singh,AB de Villiers,CR Woakes,0,0,0,0,0,0,1,0,1,,,
45,1,Royal Challengers Bangalore,Kolkata Knight Riders,4,3,AB de Villiers,Mandeep Singh,CR Woakes,0,0,0,0,0,0,0,0,0,,,
45,1,Royal Challengers Bangalore,Kolkata Knight Riders,4,4,AB de Villiers,Mandeep Singh,CR Woakes,0,0,0,0,0,0,0,0,0,,,
45,1,Royal Challengers Bangalore,Kolkata Knight Riders,4,5,AB de Villiers,Mandeep Singh,CR Woakes,0,0,0,0,0,0,2,0,2,,,
45,1,Royal Challengers Bangalore,Kolkata Knight Riders,4,6,AB de Villiers,Mandeep Singh,CR Woakes,0,0,0,0,0,0,4,0,4,,,
45,1,Royal Challengers Bangalore,Kolkata Knight Riders,5,1,Mandeep Singh,AB de Villiers,SP Narine,0,0,0,0,0,0,1,0,1,,,
45,1,Royal Challengers Bangalore,Kolkata Knight Riders,5,2,AB de Villiers,Mandeep Singh,SP Narine,0,0,0,0,0,0,0,0,0,,,
45,1,Royal Challengers Bangalore,Kolkata Knight Riders,5,3,AB de Villiers,Mandeep Singh,SP Narine,0,0,0,0,0,0,4,0,4,,,
45,1,Royal Challengers Bangalore,Kolkata Knight Riders,5,4,AB de Villiers,Mandeep Singh,SP Narine,0,0,0,0,0,0,0,0,0,AB de Villiers,bowled,
45,1,Royal Challengers Bangalore,Kolkata Knight Riders,5,5,TM Head,Mandeep Singh,SP Narine,0,0,0,0,0,0,0,0,0,,,
45,1,Royal Challengers Bangalore,Kolkata Knight Riders,5,6,TM Head,Mandeep Singh,SP Narine,0,0,0,0,0,0,0,0,0,,,
45,1,Royal Challengers Bangalore,Kolkata Knight Riders,6,1,Mandeep Singh,TM Head,UT Yadav,0,0,0,0,0,0,0,0,0,,,
45,1,Royal Challengers Bangalore,Kolkata Knight Riders,6,2,Mandeep Singh,TM Head,UT Yadav,0,1,0,0,0,0,0,1,1,,,
45,1,Royal Challengers Bangalore,Kolkata Knight Riders,6,3,Mandeep Singh,TM Head,UT Yadav,0,0,0,0,0,0,0,0,0,,,
45,1,Royal Challengers Bangalore,Kolkata Knight Riders,6,4,Mandeep Singh,TM Head,UT Yadav,0,0,0,0,0,0,1,0,1,,,
45,1,Royal Challengers Bangalore,Kolkata Knight Riders,6,5,TM Head,Mandeep Singh,UT Yadav,0,0,0,0,0,0,0,0,0,,,
45,1,Royal Challengers Bangalore,Kolkata Knight Riders,6,6,TM Head,Mandeep Singh,UT Yadav,0,0,0,0,0,0,4,0,4,,,
45,1,Royal Challengers Bangalore,Kolkata Knight Riders,6,7,TM Head,Mandeep Singh,UT Yadav,0,0,0,0,0,0,0,0,0,,,
45,1,Royal Challengers Bangalore,Kolkata Knight Riders,7,1,Mandeep Singh,TM Head,SP Narine,0,0,0,0,0,0,1,0,1,,,
45,1,Royal Challengers Bangalore,Kolkata Knight Riders,7,2,TM Head,Mandeep Singh,SP Narine,0,0,0,0,0,0,2,0,2,,,
45,1,Royal Challengers Bangalore,Kolkata Knight Riders,7,3,TM Head,Mandeep Singh,SP Narine,0,0,0,0,0,0,1,0,1,,,
45,1,Royal Challengers Bangalore,Kolkata Knight Riders,7,4,Mandeep Singh,TM Head,SP Narine,0,0,0,0,0,0,0,0,0,,,
45,1,Royal Challengers Bangalore,Kolkata Knight Riders,7,5,Mandeep Singh,TM Head,SP Narine,0,0,0,0,0,0,4,0,4,,,
45,1,Royal Challengers Bangalore,Kolkata Knight Riders,7,6,Mandeep Singh,TM Head,SP Narine,0,0,0,0,0,0,1,0,1,,,
45,1,Royal Challengers Bangalore,Kolkata Knight Riders,8,1,Mandeep Singh,TM Head,AS Rajpoot,0,0,0,0,0,0,1,0,1,,,
45,1,Royal Challengers Bangalore,Kolkata Knight Riders,8,2,TM Head,Mandeep Singh,AS Rajpoot,0,0,0,0,0,0,0,0,0,,,
45,1,Royal Challengers Bangalore,Kolkata Knight Riders,8,3,TM Head,Mandeep Singh,AS Rajpoot,0,0,0,0,0,0,1,0,1,,,
45,1,Royal Challengers Bangalore,Kolkata Knight Riders,8,4,Mandeep Singh,TM Head,AS Rajpoot,0,0,0,0,0,0,1,0,1,,,
45,1,Royal Challengers Bangalore,Kolkata Knight Riders,8,5,TM Head,Mandeep Singh,AS Rajpoot,0,0,0,0,0,0,1,0,1,,,
45,1,Royal Challengers Bangalore,Kolkata Knight Riders,8,6,Mandeep Singh,TM Head,AS Rajpoot,0,0,0,0,0,0,1,0,1,,,
45,1,Royal Challengers Bangalore,Kolkata Knight Riders,9,1,Mandeep Singh,TM Head,PP Chawla,0,0,0,0,0,0,1,0,1,,,
45,1,Royal Challengers Bangalore,Kolkata Knight Riders,9,2,TM Head,Mandeep Singh,PP Chawla,0,0,0,0,0,0,1,0,1,,,
45,1,Royal Challengers Bangalore,Kolkata Knight Riders,9,3,Mandeep Singh,TM Head,PP Chawla,0,0,0,0,0,0,1,0,1,,,
45,1,Royal Challengers Bangalore,Kolkata Knight Riders,9,4,TM Head,Mandeep Singh,PP Chawla,0,0,0,0,0,0,1,0,1,,,
45,1,Royal Challengers Bangalore,Kolkata Knight Riders,9,5,Mandeep Singh,TM Head,PP Chawla,0,0,0,0,0,0,1,0,1,,,
45,1,Royal Challengers Bangalore,Kolkata Knight Riders,9,6,TM Head,Mandeep Singh,PP Chawla,0,0,0,0,0,0,0,0,0,,,
45,1,Royal Challengers Bangalore,Kolkata Knight Riders,10,1,Mandeep Singh,TM Head,AS Rajpoot,0,0,0,0,0,0,0,0,0,,,
45,1,Royal Challengers Bangalore,Kolkata Knight Riders,10,2,Mandeep Singh,TM Head,AS Rajpoot,0,0,0,0,0,0,1,0,1,,,
45,1,Royal Challengers Bangalore,Kolkata Knight Riders,10,3,TM Head,Mandeep Singh,AS Rajpoot,0,0,0,0,0,0,0,0,0,,,
45,1,Royal Challengers Bangalore,Kolkata Knight Riders,10,4,TM Head,Mandeep Singh,AS Rajpoot,0,0,0,0,0,0,1,0,1,,,
45,1,Royal Challengers Bangalore,Kolkata Knight Riders,10,5,Mandeep Singh,TM Head,AS Rajpoot,0,0,0,0,0,0,1,0,1,,,
45,1,Royal Challengers Bangalore,Kolkata Knight Riders,10,6,TM Head,Mandeep Singh,AS Rajpoot,0,0,0,1,0,0,0,1,1,,,
45,1,Royal Challengers Bangalore,Kolkata Knight Riders,11,1,TM Head,Mandeep Singh,PP Chawla,0,0,0,0,0,0,1,0,1,,,
45,1,Royal Challengers Bangalore,Kolkata Knight Riders,11,2,Mandeep Singh,TM Head,PP Chawla,0,0,0,0,0,0,1,0,1,,,
45,1,Royal Challengers Bangalore,Kolkata Knight Riders,11,3,TM Head,Mandeep Singh,PP Chawla,0,0,0,0,0,0,1,0,1,,,
45,1,Royal Challengers Bangalore,Kolkata Knight Riders,11,4,Mandeep Singh,TM Head,PP Chawla,0,0,0,0,0,0,1,0,1,,,
45,1,Royal Challengers Bangalore,Kolkata Knight Riders,11,5,TM Head,Mandeep Singh,PP Chawla,0,0,0,0,0,0,2,0,2,,,
45,1,Royal Challengers Bangalore,Kolkata Knight Riders,11,6,TM Head,Mandeep Singh,PP Chawla,0,0,0,0,0,0,2,0,2,,,
45,1,Royal Challengers Bangalore,Kolkata Knight Riders,12,1,Mandeep Singh,TM Head,AS Rajpoot,0,0,0,0,0,0,0,0,0,,,
45,1,Royal Challengers Bangalore,Kolkata Knight Riders,12,2,Mandeep Singh,TM Head,AS Rajpoot,0,0,0,0,0,0,1,0,1,,,
45,1,Royal Challengers Bangalore,Kolkata Knight Riders,12,3,TM Head,Mandeep Singh,AS Rajpoot,0,0,0,0,0,0,0,0,0,,,
45,1,Royal Challengers Bangalore,Kolkata Knight Riders,12,4,TM Head,Mandeep Singh,AS Rajpoot,0,0,0,0,0,0,1,0,1,,,
45,1,Royal Challengers Bangalore,Kolkata Knight Riders,12,5,Mandeep Singh,TM Head,AS Rajpoot,0,0,0,0,0,0,1,0,1,,,
45,1,Royal Challengers Bangalore,Kolkata Knight Riders,12,6,TM Head,Mandeep Singh,AS Rajpoot,0,0,0,0,0,0,4,0,4,,,
45,1,Royal Challengers Bangalore,Kolkata Knight Riders,13,1,Mandeep Singh,TM Head,C de Grandhomme,0,0,0,0,0,0,1,0,1,,,
45,1,Royal Challengers Bangalore,Kolkata Knight Riders,13,2,TM Head,Mandeep Singh,C de Grandhomme,0,0,0,0,0,0,1,0,1,,,
45,1,Royal Challengers Bangalore,Kolkata Knight Riders,13,3,Mandeep Singh,TM Head,C de Grandhomme,0,0,0,0,0,0,0,0,0,,,
45,1,Royal Challengers Bangalore,Kolkata Knight Riders,13,4,Mandeep Singh,TM Head,C de Grandhomme,0,0,0,0,0,0,1,0,1,,,
45,1,Royal Challengers Bangalore,Kolkata Knight Riders,13,5,TM Head,Mandeep Singh,C de Grandhomme,0,0,0,0,0,0,2,0,2,,,
45,1,Royal Challengers Bangalore,Kolkata Knight Riders,13,6,TM Head,Mandeep Singh,C de Grandhomme,0,0,0,0,0,0,1,0,1,,,
45,1,Royal Challengers Bangalore,Kolkata Knight Riders,14,1,TM Head,Mandeep Singh,SP Narine,0,0,0,0,0,0,1,0,1,,,
45,1,Royal Challengers Bangalore,Kolkata Knight Riders,14,2,Mandeep Singh,TM Head,SP Narine,0,0,0,0,0,0,2,0,2,,,
45,1,Royal Challengers Bangalore,Kolkata Knight Riders,14,3,Mandeep Singh,TM Head,SP Narine,0,0,0,0,0,0,1,0,1,,,
45,1,Royal Challengers Bangalore,Kolkata Knight Riders,14,4,TM Head,Mandeep Singh,SP Narine,0,0,0,0,0,0,6,0,6,,,
45,1,Royal Challengers Bangalore,Kolkata Knight Riders,14,5,TM Head,Mandeep Singh,SP Narine,0,0,0,0,0,0,1,0,1,,,
45,1,Royal Challengers Bangalore,Kolkata Knight Riders,14,6,Mandeep Singh,TM Head,SP Narine,0,0,0,0,0,0,1,0,1,,,
45,1,Royal Challengers Bangalore,Kolkata Knight Riders,15,1,Mandeep Singh,TM Head,C de Grandhomme,0,0,0,0,0,0,4,0,4,,,
45,1,Royal Challengers Bangalore,Kolkata Knight Riders,15,2,Mandeep Singh,TM Head,C de Grandhomme,0,0,0,0,0,0,0,0,0,,,
45,1,Royal Challengers Bangalore,Kolkata Knight Riders,15,3,Mandeep Singh,TM Head,C de Grandhomme,0,0,0,0,0,0,1,0,1,,,
45,1,Royal Challengers Bangalore,Kolkata Knight Riders,15,4,TM Head,Mandeep Singh,C de Grandhomme,0,0,0,0,0,0,1,0,1,,,
45,1,Royal Challengers Bangalore,Kolkata Knight Riders,15,5,Mandeep Singh,TM Head,C de Grandhomme,0,0,0,0,0,0,2,0,2,,,
45,1,Royal Challengers Bangalore,Kolkata Knight Riders,15,6,Mandeep Singh,TM Head,C de Grandhomme,0,0,0,0,0,0,1,0,1,,,
45,1,Royal Challengers Bangalore,Kolkata Knight Riders,16,1,Mandeep Singh,TM Head,SP Narine,0,0,0,0,0,0,0,0,0,Mandeep Singh,caught,UT Yadav
45,1,Royal Challengers Bangalore,Kolkata Knight Riders,16,2,TM Head,KM Jadhav,SP Narine,0,0,0,0,0,0,1,0,1,,,
45,1,Royal Challengers Bangalore,Kolkata Knight Riders,16,3,KM Jadhav,TM Head,SP Narine,0,0,0,0,0,0,1,0,1,,,
45,1,Royal Challengers Bangalore,Kolkata Knight Riders,16,4,TM Head,KM Jadhav,SP Narine,0,0,0,0,0,0,1,0,1,,,
45,1,Royal Challengers Bangalore,Kolkata Knight Riders,16,5,KM Jadhav,TM Head,SP Narine,0,0,0,0,0,0,0,0,0,,,
45,1,Royal Challengers Bangalore,Kolkata Knight Riders,16,6,KM Jadhav,TM Head,SP Narine,0,0,0,0,0,0,0,0,0,,,
45,1,Royal Challengers Bangalore,Kolkata Knight Riders,17,1,TM Head,KM Jadhav,CR Woakes,0,0,0,0,0,0,1,0,1,,,
45,1,Royal Challengers Bangalore,Kolkata Knight Riders,17,2,KM Jadhav,TM Head,CR Woakes,0,0,0,0,0,0,0,0,0,,,
45,1,Royal Challengers Bangalore,Kolkata Knight Riders,17,3,KM Jadhav,TM Head,CR Woakes,0,0,0,0,0,0,1,0,1,,,
45,1,Royal Challengers Bangalore,Kolkata Knight Riders,17,4,TM Head,KM Jadhav,CR Woakes,0,0,0,0,0,0,0,0,0,,,
45,1,Royal Challengers Bangalore,Kolkata Knight Riders,17,5,TM Head,KM Jadhav,CR Woakes,0,0,0,0,0,0,1,0,1,,,
45,1,Royal Challengers Bangalore,Kolkata Knight Riders,17,6,KM Jadhav,TM Head,CR Woakes,0,0,0,0,0,0,4,0,4,,,
45,1,Royal Challengers Bangalore,Kolkata Knight Riders,18,1,TM Head,KM Jadhav,AS Rajpoot,0,0,0,0,0,0,0,0,0,,,
45,1,Royal Challengers Bangalore,Kolkata Knight Riders,18,2,TM Head,KM Jadhav,AS Rajpoot,0,0,0,0,0,0,1,0,1,,,
45,1,Royal Challengers Bangalore,Kolkata Knight Riders,18,3,KM Jadhav,TM Head,AS Rajpoot,0,0,0,0,0,0,1,0,1,,,
45,1,Royal Challengers Bangalore,Kolkata Knight Riders,18,4,TM Head,KM Jadhav,AS Rajpoot,0,0,0,0,0,0,1,0,1,,,
45,1,Royal Challengers Bangalore,Kolkata Knight Riders,18,5,KM Jadhav,TM Head,AS Rajpoot,0,0,0,0,0,0,1,0,1,,,
45,1,Royal Challengers Bangalore,Kolkata Knight Riders,18,6,TM Head,KM Jadhav,AS Rajpoot,0,0,0,0,0,0,6,0,6,,,
45,1,Royal Challengers Bangalore,Kolkata Knight Riders,19,1,KM Jadhav,TM Head,CR Woakes,0,0,0,0,0,0,0,0,0,KM Jadhav,caught,UT Yadav
45,1,Royal Challengers Bangalore,Kolkata Knight Riders,19,2,TM Head,P Negi,CR Woakes,0,0,0,0,0,0,1,0,1,,,
45,1,Royal Challengers Bangalore,Kolkata Knight Riders,19,3,P Negi,TM Head,CR Woakes,0,0,0,0,0,0,1,0,1,,,
45,1,Royal Challengers Bangalore,Kolkata Knight Riders,19,4,TM Head,P Negi,CR Woakes,0,1,0,0,0,0,0,1,1,,,
45,1,Royal Challengers Bangalore,Kolkata Knight Riders,19,5,TM Head,P Negi,CR Woakes,0,0,0,0,0,0,2,0,2,,,
45,1,Royal Challengers Bangalore,Kolkata Knight Riders,19,6,TM Head,P Negi,CR Woakes,0,0,0,0,0,0,6,0,6,,,
45,1,Royal Challengers Bangalore,Kolkata Knight Riders,19,7,TM Head,P Negi,CR Woakes,0,0,0,0,0,0,1,0,1,,,
45,1,Royal Challengers Bangalore,Kolkata Knight Riders,20,1,TM Head,P Negi,UT Yadav,0,0,0,0,0,0,1,0,1,,,
45,1,Royal Challengers Bangalore,Kolkata Knight Riders,20,2,P Negi,TM Head,UT Yadav,0,0,0,0,0,0,4,0,4,,,
45,1,Royal Challengers Bangalore,Kolkata Knight Riders,20,3,P Negi,TM Head,UT Yadav,0,0,0,0,0,0,0,0,0,P Negi,caught,CA Lynn
45,1,Royal Challengers Bangalore,Kolkata Knight Riders,20,4,TM Head,S Aravind,UT Yadav,0,0,0,0,0,0,6,0,6,,,
45,1,Royal Challengers Bangalore,Kolkata Knight Riders,20,5,TM Head,S Aravind,UT Yadav,0,0,0,0,0,0,6,0,6,,,
45,1,Royal Challengers Bangalore,Kolkata Knight Riders,20,6,TM Head,S Aravind,UT Yadav,0,0,0,0,0,0,4,0,4,,,
45,2,Kolkata Knight Riders,Royal Challengers Bangalore,1,1,CA Lynn,SP Narine,A Choudhary,0,0,0,0,0,0,0,0,0,,,
45,2,Kolkata Knight Riders,Royal Challengers Bangalore,1,2,CA Lynn,SP Narine,A Choudhary,0,0,0,0,0,0,4,0,4,,,
45,2,Kolkata Knight Riders,Royal Challengers Bangalore,1,3,CA Lynn,SP Narine,A Choudhary,0,0,0,0,0,0,4,0,4,,,
45,2,Kolkata Knight Riders,Royal Challengers Bangalore,1,4,CA Lynn,SP Narine,A Choudhary,0,0,0,0,0,0,6,0,6,,,
45,2,Kolkata Knight Riders,Royal Challengers Bangalore,1,5,CA Lynn,SP Narine,A Choudhary,0,0,0,0,0,0,0,0,0,,,
45,2,Kolkata Knight Riders,Royal Challengers Bangalore,1,6,CA Lynn,SP Narine,A Choudhary,0,0,0,0,0,0,0,0,0,,,
45,2,Kolkata Knight Riders,Royal Challengers Bangalore,2,1,SP Narine,CA Lynn,S Badree,0,0,0,0,0,0,0,0,0,,,
45,2,Kolkata Knight Riders,Royal Challengers Bangalore,2,2,SP Narine,CA Lynn,S Badree,0,0,0,0,0,0,0,0,0,,,
45,2,Kolkata Knight Riders,Royal Challengers Bangalore,2,3,SP Narine,CA Lynn,S Badree,0,0,0,0,0,0,4,0,4,,,
45,2,Kolkata Knight Riders,Royal Challengers Bangalore,2,4,SP Narine,CA Lynn,S Badree,0,0,0,0,0,0,1,0,1,,,
45,2,Kolkata Knight Riders,Royal Challengers Bangalore,2,5,CA Lynn,SP Narine,S Badree,0,0,0,0,0,0,0,0,0,,,
45,2,Kolkata Knight Riders,Royal Challengers Bangalore,2,6,CA Lynn,SP Narine,S Badree,0,0,0,0,0,0,1,0,1,,,
45,2,Kolkata Knight Riders,Royal Challengers Bangalore,3,1,CA Lynn,SP Narine,YS Chahal,0,0,0,0,0,0,0,0,0,,,
45,2,Kolkata Knight Riders,Royal Challengers Bangalore,3,2,CA Lynn,SP Narine,YS Chahal,0,0,0,0,0,0,4,0,4,,,
45,2,Kolkata Knight Riders,Royal Challengers Bangalore,3,3,CA Lynn,SP Narine,YS Chahal,0,0,0,0,0,0,0,0,0,,,
45,2,Kolkata Knight Riders,Royal Challengers Bangalore,3,4,CA Lynn,SP Narine,YS Chahal,0,0,0,0,0,0,6,0,6,,,
45,2,Kolkata Knight Riders,Royal Challengers Bangalore,3,5,CA Lynn,SP Narine,YS Chahal,0,0,0,0,0,0,0,0,0,,,
45,2,Kolkata Knight Riders,Royal Challengers Bangalore,3,6,CA Lynn,SP Narine,YS Chahal,0,0,0,0,0,0,4,0,4,,,
45,2,Kolkata Knight Riders,Royal Challengers Bangalore,4,1,SP Narine,CA Lynn,S Badree,0,0,0,0,0,0,6,0,6,,,
45,2,Kolkata Knight Riders,Royal Challengers Bangalore,4,2,SP Narine,CA Lynn,S Badree,0,0,0,0,0,0,6,0,6,,,
45,2,Kolkata Knight Riders,Royal Challengers Bangalore,4,3,SP Narine,CA Lynn,S Badree,0,0,0,0,0,0,6,0,6,,,
45,2,Kolkata Knight Riders,Royal Challengers Bangalore,4,4,SP Narine,CA Lynn,S Badree,0,0,0,0,0,0,4,0,4,,,
45,2,Kolkata Knight Riders,Royal Challengers Bangalore,4,5,SP Narine,CA Lynn,S Badree,0,0,0,0,0,0,2,0,2,,,
45,2,Kolkata Knight Riders,Royal Challengers Bangalore,4,6,SP Narine,CA Lynn,S Badree,0,0,0,0,0,0,1,0,1,,,
45,2,Kolkata Knight Riders,Royal Challengers Bangalore,5,1,SP Narine,CA Lynn,S Aravind,0,0,0,0,0,0,2,0,2,,,
45,2,Kolkata Knight Riders,Royal Challengers Bangalore,5,2,SP Narine,CA Lynn,S Aravind,0,0,0,0,0,0,4,0,4,,,
45,2,Kolkata Knight Riders,Royal Challengers Bangalore,5,3,SP Narine,CA Lynn,S Aravind,0,0,0,0,0,0,4,0,4,,,
45,2,Kolkata Knight Riders,Royal Challengers Bangalore,5,4,SP Narine,CA Lynn,S Aravind,0,0,0,0,0,0,4,0,4,,,
45,2,Kolkata Knight Riders,Royal Challengers Bangalore,5,5,SP Narine,CA Lynn,S Aravind,0,1,0,0,0,0,0,1,1,,,
45,2,Kolkata Knight Riders,Royal Challengers Bangalore,5,6,SP Narine,CA Lynn,S Aravind,0,1,0,0,0,0,0,1,1,,,
45,2,Kolkata Knight Riders,Royal Challengers Bangalore,5,7,SP Narine,CA Lynn,S Aravind,0,0,0,0,0,0,6,0,6,,,
45,2,Kolkata Knight Riders,Royal Challengers Bangalore,5,8,SP Narine,CA Lynn,S Aravind,0,0,0,0,0,0,4,0,4,,,
45,2,Kolkata Knight Riders,Royal Challengers Bangalore,6,1,CA Lynn,SP Narine,YS Chahal,0,0,0,0,0,0,6,0,6,,,
45,2,Kolkata Knight Riders,Royal Challengers Bangalore,6,2,CA Lynn,SP Narine,YS Chahal,0,0,0,0,0,0,4,0,4,,,
45,2,Kolkata Knight Riders,Royal Challengers Bangalore,6,3,CA Lynn,SP Narine,YS Chahal,0,0,0,0,0,0,2,0,2,,,
45,2,Kolkata Knight Riders,Royal Challengers Bangalore,6,4,CA Lynn,SP Narine,YS Chahal,0,0,0,0,0,0,2,0,2,,,
45,2,Kolkata Knight Riders,Royal Challengers Bangalore,6,5,CA Lynn,SP Narine,YS Chahal,0,0,0,0,0,0,0,0,0,,,
45,2,Kolkata Knight Riders,Royal Challengers Bangalore,6,6,CA Lynn,SP Narine,YS Chahal,0,0,0,0,0,0,6,0,6,,,
45,2,Kolkata Knight Riders,Royal Challengers Bangalore,7,1,SP Narine,CA Lynn,A Choudhary,0,0,0,0,0,0,0,0,0,SP Narine,caught,KM Jadhav
45,2,Kolkata Knight Riders,Royal Challengers Bangalore,7,2,C de Grandhomme,CA Lynn,A Choudhary,0,0,0,0,0,0,0,0,0,,,
45,2,Kolkata Knight Riders,Royal Challengers Bangalore,7,3,C de Grandhomme,CA Lynn,A Choudhary,0,0,0,0,0,0,0,0,0,,,
45,2,Kolkata Knight Riders,Royal Challengers Bangalore,7,4,C de Grandhomme,CA Lynn,A Choudhary,0,0,0,0,0,0,0,0,0,,,
45,2,Kolkata Knight Riders,Royal Challengers Bangalore,7,5,C de Grandhomme,CA Lynn,A Choudhary,0,0,0,0,0,0,0,0,0,,,
45,2,Kolkata Knight Riders,Royal Challengers Bangalore,7,6,C de Grandhomme,CA Lynn,A Choudhary,0,0,0,0,0,0,0,0,0,,,
45,2,Kolkata Knight Riders,Royal Challengers Bangalore,8,1,CA Lynn,C de Grandhomme,P Negi,0,0,0,0,0,0,1,0,1,,,
45,2,Kolkata Knight Riders,Royal Challengers Bangalore,8,2,C de Grandhomme,CA Lynn,P Negi,0,0,0,0,0,0,1,0,1,,,
45,2,Kolkata Knight Riders,Royal Challengers Bangalore,8,3,CA Lynn,C de Grandhomme,P Negi,0,0,0,0,0,0,0,0,0,CA Lynn,bowled,
45,2,Kolkata Knight Riders,Royal Challengers Bangalore,8,4,G Gambhir,C de Grandhomme,P Negi,0,0,0,0,0,0,1,0,1,,,
45,2,Kolkata Knight Riders,Royal Challengers Bangalore,8,5,C de Grandhomme,G Gambhir,P Negi,0,0,0,0,0,0,1,0,1,,,
45,2,Kolkata Knight Riders,Royal Challengers Bangalore,8,6,G Gambhir,C de Grandhomme,P Negi,0,0,0,0,0,0,1,0,1,,,
45,2,Kolkata Knight Riders,Royal Challengers Bangalore,9,1,G Gambhir,C de Grandhomme,A Choudhary,0,0,0,0,0,0,1,0,1,,,
45,2,Kolkata Knight Riders,Royal Challengers Bangalore,9,2,C de Grandhomme,G Gambhir,A Choudhary,0,0,0,0,0,0,2,0,2,,,
45,2,Kolkata Knight Riders,Royal Challengers Bangalore,9,3,C de Grandhomme,G Gambhir,A Choudhary,0,0,0,0,0,0,1,0,1,,,
45,2,Kolkata Knight Riders,Royal Challengers Bangalore,9,4,G Gambhir,C de Grandhomme,A Choudhary,0,0,0,0,0,0,0,0,0,,,
45,2,Kolkata Knight Riders,Royal Challengers Bangalore,9,5,G Gambhir,C de Grandhomme,A Choudhary,0,0,0,0,0,0,1,0,1,,,
45,2,Kolkata Knight Riders,Royal Challengers Bangalore,9,6,C de Grandhomme,G Gambhir,TM Head,0,0,0,0,0,0,0,0,0,,,
45,2,Kolkata Knight Riders,Royal Challengers Bangalore,10,1,G Gambhir,C de Grandhomme,S Badree,0,0,0,0,0,0,0,0,0,,,
45,2,Kolkata Knight Riders,Royal Challengers Bangalore,10,2,G Gambhir,C de Grandhomme,S Badree,0,0,0,0,0,0,1,0,1,,,
45,2,Kolkata Knight Riders,Royal Challengers Bangalore,10,3,C de Grandhomme,G Gambhir,S Badree,0,0,0,2,0,0,0,2,2,,,
45,2,Kolkata Knight Riders,Royal Challengers Bangalore,10,4,C de Grandhomme,G Gambhir,S Badree,0,0,0,0,0,0,1,0,1,,,
45,2,Kolkata Knight Riders,Royal Challengers Bangalore,10,5,G Gambhir,C de Grandhomme,S Badree,0,0,0,0,0,0,1,0,1,,,
45,2,Kolkata Knight Riders,Royal Challengers Bangalore,10,6,C de Grandhomme,G Gambhir,S Badree,0,0,0,0,0,0,6,0,6,,,
45,2,Kolkata Knight Riders,Royal Challengers Bangalore,11,1,G Gambhir,C de Grandhomme,P Negi,0,0,0,0,0,0,2,0,2,,,
45,2,Kolkata Knight Riders,Royal Challengers Bangalore,11,2,G Gambhir,C de Grandhomme,P Negi,0,0,0,0,0,0,1,0,1,,,
45,2,Kolkata Knight Riders,Royal Challengers Bangalore,11,3,C de Grandhomme,G Gambhir,P Negi,0,0,0,0,0,0,4,0,4,,,
45,2,Kolkata Knight Riders,Royal Challengers Bangalore,11,4,C de Grandhomme,G Gambhir,P Negi,0,0,0,0,0,0,0,0,0,,,
45,2,Kolkata Knight Riders,Royal Challengers Bangalore,11,5,C de Grandhomme,G Gambhir,P Negi,0,0,0,0,0,0,2,0,2,,,
45,2,Kolkata Knight Riders,Royal Challengers Bangalore,11,6,C de Grandhomme,G Gambhir,P Negi,0,0,0,0,0,0,1,0,1,,,
45,2,Kolkata Knight Riders,Royal Challengers Bangalore,12,1,C de Grandhomme,G Gambhir,YS Chahal,0,0,0,0,0,0,2,0,2,,,
45,2,Kolkata Knight Riders,Royal Challengers Bangalore,12,2,C de Grandhomme,G Gambhir,YS Chahal,0,0,0,0,0,0,0,0,0,,,
45,2,Kolkata Knight Riders,Royal Challengers Bangalore,12,3,C de Grandhomme,G Gambhir,YS Chahal,0,0,0,0,0,0,0,0,0,,,
45,2,Kolkata Knight Riders,Royal Challengers Bangalore,12,4,C de Grandhomme,G Gambhir,YS Chahal,0,0,0,1,0,0,0,1,1,,,
45,2,Kolkata Knight Riders,Royal Challengers Bangalore,12,5,G Gambhir,C de Grandhomme,YS Chahal,0,0,0,0,0,0,1,0,1,,,
45,2,Kolkata Knight Riders,Royal Challengers Bangalore,12,6,C de Grandhomme,G Gambhir,YS Chahal,0,0,0,0,0,0,1,0,1,,,
45,2,Kolkata Knight Riders,Royal Challengers Bangalore,13,1,C de Grandhomme,G Gambhir,TM Head,0,0,0,0,0,0,1,0,1,,,
45,2,Kolkata Knight Riders,Royal Challengers Bangalore,13,2,G Gambhir,C de Grandhomme,TM Head,0,0,0,0,0,0,1,0,1,,,
45,2,Kolkata Knight Riders,Royal Challengers Bangalore,13,3,C de Grandhomme,G Gambhir,TM Head,0,0,0,0,0,0,1,0,1,,,
45,2,Kolkata Knight Riders,Royal Challengers Bangalore,13,4,G Gambhir,C de Grandhomme,TM Head,0,0,0,0,0,0,1,0,1,,,
45,2,Kolkata Knight Riders,Royal Challengers Bangalore,13,5,C de Grandhomme,G Gambhir,TM Head,0,0,0,0,0,0,6,0,6,,,
45,2,Kolkata Knight Riders,Royal Challengers Bangalore,13,6,C de Grandhomme,G Gambhir,TM Head,0,0,0,0,0,0,1,0,1,,,
45,2,Kolkata Knight Riders,Royal Challengers Bangalore,14,1,C de Grandhomme,G Gambhir,P Negi,0,0,0,0,0,0,0,0,0,,,
45,2,Kolkata Knight Riders,Royal Challengers Bangalore,14,2,C de Grandhomme,G Gambhir,P Negi,0,0,0,0,0,0,0,0,0,C de Grandhomme,stumped,KM Jadhav
45,2,Kolkata Knight Riders,Royal Challengers Bangalore,14,3,MK Pandey,G Gambhir,P Negi,0,0,0,0,0,0,1,0,1,,,
45,2,Kolkata Knight Riders,Royal Challengers Bangalore,14,4,G Gambhir,MK Pandey,P Negi,0,0,0,0,0,0,1,0,1,,,
45,2,Kolkata Knight Riders,Royal Challengers Bangalore,14,5,MK Pandey,G Gambhir,P Negi,0,0,0,0,0,0,1,0,1,,,
45,2,Kolkata Knight Riders,Royal Challengers Bangalore,14,6,G Gambhir,MK Pandey,P Negi,0,0,0,0,0,0,1,0,1,,,
45,2,Kolkata Knight Riders,Royal Challengers Bangalore,15,1,G Gambhir,MK Pandey,YS Chahal,0,0,0,0,0,0,0,0,0,G Gambhir,caught,P Negi
45,2,Kolkata Knight Riders,Royal Challengers Bangalore,15,2,YK Pathan,MK Pandey,YS Chahal,0,0,0,0,0,0,0,0,0,,,
45,2,Kolkata Knight Riders,Royal Challengers Bangalore,15,3,YK Pathan,MK Pandey,YS Chahal,0,0,0,0,0,0,0,0,0,,,
45,2,Kolkata Knight Riders,Royal Challengers Bangalore,15,4,YK Pathan,MK Pandey,YS Chahal,0,0,0,0,0,0,0,0,0,,,
45,2,Kolkata Knight Riders,Royal Challengers Bangalore,15,5,YK Pathan,MK Pandey,YS Chahal,0,0,0,0,0,0,0,0,0,,,
45,2,Kolkata Knight Riders,Royal Challengers Bangalore,15,6,YK Pathan,MK Pandey,YS Chahal,0,1,0,0,0,0,0,1,1,,,
45,2,Kolkata Knight Riders,Royal Challengers Bangalore,15,7,YK Pathan,MK Pandey,YS Chahal,0,0,0,0,0,0,0,0,0,,,
45,2,Kolkata Knight Riders,Royal Challengers Bangalore,16,1,MK Pandey,YK Pathan,P Negi,0,0,0,0,0,0,2,0,2,,,
